basepk,hid,speechdate,pid,opid,speakeroldname,speakerposition,maintopic,subtopic,subsubtopic,speechtext,speakerparty,speakerriding,speakername,speakerurl
4646867,ca.proc.d.2015-12-04.17035.0,2015-12-04,,,,stagedirection,,Opening of Parliament,,"A message was delivered by the Usher of the Black Rod as follows: 
 Mr. Speaker, His Excellency the Governor General desires the immediate attendance of this honourable House in the chamber of the Senate. 
 Accordingly, the Speaker with the House went up to the Senate chamber. 
 And the House being returned to the Commons chamber: ",,,,
4646868,ca.proc.d.2015-12-04.17035.1,2015-12-04,3176068f-62ee-4b2f-aacd-1131201c6db1,242,The Speaker,,,Opening of Parliament,,"Order, please. I have the honour to report that, the House having attended on His Excellency the Governor General in the Senate chamber, I informed His Excellency that the choice of Speaker has fallen upon me, and in your names and on your behalf, I made the usual claim for your privileges which His Excellency was pleased to confirm to you.",Liberal,Halifax West,Geoff Regan,http://www.parl.gc.ca/parlinfo/Files/Parliamentarian.aspx?Item=3176068f-62ee-4b2f-aacd-1131201c6db1&Language=E&Section=ALL
4646869,ca.proc.d.2015-12-04.17035.2,2015-12-04,b8c04eca-f237-48a8-8975-374ccd40d1a9,567,"Right Hon. Justin Trudeau (Prime Minister, Lib.)",,,Oaths of Office,," moved for leave to introduce Bill C-1, an act respecting the administration of oaths of office.
 (Motions deemed adopted and bill read the first time)",Liberal,Papineau,Justin Trudeau,http://www.parl.gc.ca/parlinfo/Files/Parliamentarian.aspx?Item=b8c04eca-f237-48a8-8975-374ccd40d1a9&Language=E&Section=ALL
4646870,ca.proc.d.2015-12-04.17035.3,2015-12-04,3176068f-62ee-4b2f-aacd-1131201c6db1,242,The Speaker,,,Speech from the Throne,,"I have the honour to inform the House that when this House did attend His Excellency this day in the Senate chamber, His Excellency was pleased to make a speech to both Houses of Parliament. To prevent mistakes, I have obtained a copy, which is as follows:",Liberal,Halifax West,Geoff Regan,http://www.parl.gc.ca/parlinfo/Files/Parliamentarian.aspx?Item=3176068f-62ee-4b2f-aacd-1131201c6db1&Language=E&Section=ALL
4646871,ca.proc.d.2015-12-04.17035.4,2015-12-04,,,,stagedirection,,Speech from the Throne,," Honourable Senators,  
 Members of the House of Commons,  
 Ladies and gentlemen,  
As the representative of Her Majesty The Queen, I am pleased to be here to deliver the Speech from the Throne.
 A warm welcome to those of you who are returning to your duties as parliamentarians, including those who are returning after an absence. Know that your experience is valued. 
Welcome also to the 197 members who are newly elected. Your enthusiasm and fresh ideas will serve your country well.
 I call on all parliamentarians to work together, with a renewed spirit of innovation, openness and collaboration. 
As governor general, I have seen first-hand what a great country Canada is—from coast to coast to coast. 
And I also know this: We can be even better. 
How? 
By being smart, and caring—on a scale as never before.
 The times we live in demand nothing less. 
Canada succeeds in large part because here, diverse perspectives and different opinions are celebrated, not silenced. 
Parliament shall be no exception. 
In this Parliament, all members will be honoured, respected and heard, wherever they sit. For here, in these chambers, the voices of all Canadians matter. 
Let us not forget, however, that Canadians have been clear and unambiguous in their desire for real change. Canadians want their government to do different things, and to do things differently. 
They want to be able to trust their government. 
And they want leadership that is focused on the things that matter most to them. 
Things like growing the economy; creating jobs; strengthening the middle class, and helping those working hard to join it. 
Through careful consideration and respectful conduct, the Government can meet these challenges, and all others brought before it. 
By working together in the service of all Canadians, the Government can make real change happen. 
It will do so in the following ways. 
 GROWTH FOR THE MIDDLE CLASS 
First and foremost, the Government believes that all Canadians should have a real and fair chance to succeed. Central to that success is a strong and growing middle class. 
The Government will, as an immediate priority, deliver a tax cut for the middle class. 
This is the fair thing to do, and the smart thing to do for Canada’s economy. 
The Government has also committed to provide more direct help to those who need it by giving less to those who do not. The new Canada Child Benefit will do just that. 
And recognizing that public investment is needed to create and support economic growth, job creation and economic prosperity, the Government will make significant new investments in public transit, green infrastructure, and social infrastructure. 
To give Canadians a more secure retirement, the Government will work with the provinces and territories to enhance the Canada Pension Plan. 
The Employment Insurance system will be strengthened to make sure that it best serves both the Canadian economy and all Canadians who need it. 
To create more opportunities for young Canadians, especially those from low- and middle-income families, the Government will work with the provinces and territories to make post-secondary education more affordable. 
And to support the health and well-being of all Canadians, the Government will begin work with the provinces and territories to develop a new Health Accord. 
The Government will undertake these and other initiatives while pursuing a fiscal plan that is responsible, transparent and suited to challenging economic times. 
 OPEN AND TRANSPARENT GOVERNMENT 
Second, the Government is committed to open and transparent government.
 The trust Canadians have in public institutions—including Parliament—has, at times, been compromised. By working with greater openness and transparency, Parliament can restore it. 
To make sure that every vote counts, the Government will undertake consultations on electoral reform, and will take action to ensure that 2015 will be the last federal election conducted under the first-past-the-post voting system.
 To restore public trust and bring an end to partisanship, the Government will follow through on its commitment to reform the Senate by creating a new, non-partisan, merit-based process to advise the Prime Minister on Senate appointments. 
And to give Canadians a stronger voice in the House of Commons, the Government will promote more open debate and free votes, and reform and strengthen committees. 
Also notable are the things the Government will not do: it will not use government ads for partisan purposes; it will not interfere with the work of parliamentary officers; and it will not resort to devices like prorogation and omnibus bills to avoid scrutiny. 
 A CLEAN ENVIRONMENT AND A STRONG ECONOMY 
Third, the Government will prove to Canadians and to the world that a clean environment and a strong economy go hand in hand. We cannot have one without the other. 
Protecting the environment and growing the economy are not incompatible goals; in fact, our future success demands that we do both. 
Last week, first ministers met ahead of the international climate change talks—a first step in an important and ongoing process. 
Working together, the Government will continue to provide leadership as Canada works toward putting a price on carbon and reducing carbon pollution.
 To encourage economic growth, the Government will make strategic investments in clean technology, provide more support for companies seeking to export those technologies, and lead by example in their use. 
And as part of efforts to restore public trust, the Government will introduce new environmental assessment processes. 
Public input will be sought and considered. Environmental impacts will be understood and minimized. Decisions will be informed by scientific evidence. And Indigenous peoples will be more fully engaged in reviewing and monitoring major resource development projects. 
 DIVERSITY IS CANADA’S STRENGTH 
Fourth, the Government’s agenda reflects that Canada’s strength is its diversity.
Canadians elected a government to bring us together, not to set us against one another. Canada is strong because of our differences, not in spite of them. 
As a country, we are strengthened in many ways: by our shared experiences, by the diversity that inspires both Canada and the world, and by the way that we treat each other.
 Because it is both the right thing to do and a certain path to economic growth, the Government will undertake to renew, nation-to-nation, the relationship between Canada and Indigenous peoples, one based on recognition of rights, respect, co-operation and partnership. 
Among other measures, the Government will work co-operatively to implement recommendations of the Truth and Reconciliation Commission of Canada, will launch an inquiry into missing and murdered Indigenous women and girls, and will work with First Nations so that every First Nations child receives a quality education.
 The Government will make it easier for immigrants to build successful lives in Canada, reunite their families, and contribute to the economic success of all Canadians. 
In response to a pressing international need, and underscored by Canadians’ desire to help, the Government will welcome 25,000 new Canadians from Syria, to arrive in Canada by the end of February 2016. 
In gratitude for the service of Canada’s veterans, the Government will do more to support them and their families. 
The Government will support CBC/Radio-Canada, encourage and promote the use of Canada’s official languages, and invest in Canada’s cultural and creative industries. 
 SECURITY AND OPPORTUNITY 
Fifth, the Government is committed to providing greater security and opportunity for Canadians. 
Canadians are open, accepting, and generous people. We know that helping those in need strengthens our communities and makes them safer, more prosperous places to live.
 The Government will strengthen its relationship with allies, especially with our closest friend and partner, the United States.
 Internationally, the Government will focus its development assistance on helping the world’s poorest and most vulnerable. 
To contribute to greater peace throughout the world, the Government will renew Canada’s commitment to United Nations peacekeeping operations, and will continue to work with its allies in the fight against terrorism. 
To keep Canadians safe and be ready to respond when needed, the Government will launch an open and transparent process to review existing defence capabilities, and will invest in building a leaner, more agile, better-equipped military. 
And to expand economic opportunities for all Canadians, the Government will negotiate beneficial trade agreements, and pursue other opportunities with emerging markets. 
Recognizing that Canada is, fundamentally, a safe and peaceful country, the Government will continue to work to keep all Canadians safe, while at the same time protecting our cherished rights and freedoms.
 To that end, the Government will introduce legislation that will provide greater support for survivors of domestic violence and sexual assault; that will get handguns and assault weapons off our streets; and that will legalize, regulate and restrict access to marijuana. 
 CONCLUSION 
The agenda outlined today is an ambitious one, but it is not one forged in isolation.
 Rather, it is the result of conversations with Canadians, who told the Government—plainly and honestly—what they need to be successful.
 Canadians are confident people. We know who we are, and we know what kind of country we want to live in. 
We know the greatness that Canada is capable of, and we know that our success is not only about doing well for ourselves, but also about leaving an even better, more peaceful and prosperous world for our children. 
As you consider the important work that lies ahead, remember that Canadians have placed their trust in you. It is now your sacred responsibility to help build that better world.
 By focusing on growing our middle class, on delivering open and transparent government, on ensuring a clean environment and a strong economy, on building a stronger Canada, and on providing greater security and opportunity, the Government will make real change happen.
 It will prove that better is not only possible—it is the inevitable result when Canadians work together. 
Members of the House of Commons, you will be asked to appropriate the funds required to carry out the services and expenditures authorized by Parliament. 
Honourable Members of the Senate and Members of the House of Commons, may Divine Providence guide you in your deliberations and make you faithful custodians of the trust bestowed upon you. ",,,,
4646872,ca.proc.d.2015-12-04.17035.5,2015-12-04,b8c04eca-f237-48a8-8975-374ccd40d1a9,567,"Right Hon. Justin Trudeau (Prime Minister, Lib.)",,,Speech from the Throne,," moved:
 That the Speech from the Throne delivered this day by His Excellency the Governor General to both Houses of Parliament be taken into consideration later this day. 
(Motion agreed to)",Liberal,Papineau,Justin Trudeau,http://www.parl.gc.ca/parlinfo/Files/Parliamentarian.aspx?Item=b8c04eca-f237-48a8-8975-374ccd40d1a9&Language=E&Section=ALL
4646873,ca.proc.d.2015-12-04.17035.6,2015-12-04,3176068f-62ee-4b2f-aacd-1131201c6db1,242,The Speaker,,,École Polytechnique in Montreal,,"There have been discussions among representatives of all the parties in the House, and I understand that there is consent to observe a moment of silence.
 I invite members to rise and observe a minute of silence in memory of the victims of the tragic event that happened 26 years ago at École Polytechnique in Montreal
[A moment of silence observed.]",Liberal,Halifax West,Geoff Regan,http://www.parl.gc.ca/parlinfo/Files/Parliamentarian.aspx?Item=3176068f-62ee-4b2f-aacd-1131201c6db1&Language=E&Section=ALL
4646874,ca.proc.d.2015-12-04.17035.7,2015-12-04,44647433-13cb-467e-8632-d49b131d5bb6,166,"Hon. Dominic LeBlanc (Leader of the Government in the House of Commons, Lib.)",,,Former Clerk of the House of Commons,,"Mr. Speaker, there have been discussions among the parties and I think, if you seek it, you will find unanimous consent for the following motion:
 That the House, desiring to record its deep appreciation of the distinguished and faithful service of Audrey Elizabeth O'Brien as Clerk of the House of Commons, designate her as Clerk Emeritus and an Honourary Officer of the House of Commons with an entrée to the Chamber and a seat at the Table.",Liberal,Beauséjour,Dominic LeBlanc,http://www.parl.gc.ca/parlinfo/Files/Parliamentarian.aspx?Item=44647433-13cb-467e-8632-d49b131d5bb6&Language=E&Section=ALL
4646875,ca.proc.d.2015-12-04.17035.8,2015-12-04,3176068f-62ee-4b2f-aacd-1131201c6db1,242,The Speaker,,,Former Clerk of the House of Commons,,Does the hon. minister have the unanimous consent of the House to move the motion?,Liberal,Halifax West,Geoff Regan,http://www.parl.gc.ca/parlinfo/Files/Parliamentarian.aspx?Item=3176068f-62ee-4b2f-aacd-1131201c6db1&Language=E&Section=ALL
4646876,ca.proc.d.2015-12-04.17035.9,2015-12-04,,,,intervention,,Former Clerk of the House of Commons,, Agreed.,,,Some hon. members,
4646877,ca.proc.d.2015-12-04.17035.10,2015-12-04,3176068f-62ee-4b2f-aacd-1131201c6db1,242,The Speaker,,,Former Clerk of the House of Commons,, The House has heard the terms of the motion. Is it the pleasure of the House to adopt the motion?,Liberal,Halifax West,Geoff Regan,http://www.parl.gc.ca/parlinfo/Files/Parliamentarian.aspx?Item=3176068f-62ee-4b2f-aacd-1131201c6db1&Language=E&Section=ALL
4646878,ca.proc.d.2015-12-04.17035.11,2015-12-04,,,,intervention,,Former Clerk of the House of Commons,, Agreed.,,,Some hon. members,
4646879,ca.proc.d.2015-12-04.17035.12,2015-12-04,3176068f-62ee-4b2f-aacd-1131201c6db1,242,The Speaker,,,Former Clerk of the House of Commons,,(Motion agreed to),Liberal,Halifax West,Geoff Regan,http://www.parl.gc.ca/parlinfo/Files/Parliamentarian.aspx?Item=3176068f-62ee-4b2f-aacd-1131201c6db1&Language=E&Section=ALL
4646880,ca.proc.d.2015-12-04.17035.13,2015-12-04,3176068f-62ee-4b2f-aacd-1131201c6db1,242,The Speaker,,,Board of Internal Economy,," I have the honour to inform the House that the following members have been appointed as members of the Board of Internal Economy for the purposes and under the provisions of the Parliament of Canada Act, subsection 50(2):
 Hon. Dominic LeBlanc and Hon. Judy Foote, members of the Queen's Privy Council;
 Mr. Andrew Leslie, representative of the government caucus;
 Mr. Andrew Scheer and Mr. Gordon Brown, representatives of the Conservative Party caucus;
 Mr. Peter Julian, representative of the New Democratic Party caucus. ",Liberal,Halifax West,Geoff Regan,http://www.parl.gc.ca/parlinfo/Files/Parliamentarian.aspx?Item=3176068f-62ee-4b2f-aacd-1131201c6db1&Language=E&Section=ALL
4646881,ca.proc.d.2015-12-04.17035.14,2015-12-04,6d680702-120b-4bcf-8da9-aae3e38ca0cf,44,"Hon. Scott Brison (President of the Treasury Board, Lib.)",,,Business of Supply,,"Mr. Speaker, I move:
 That the business of supply be considered at the next sitting of the House. 
(Motion agreed to)",Liberal,Kings--Hants,Scott Brison,http://www.parl.gc.ca/parlinfo/Files/Parliamentarian.aspx?Item=6d680702-120b-4bcf-8da9-aae3e38ca0cf&Language=E&Section=ALL
4646882,ca.proc.d.2015-12-04.17035.15,2015-12-04,3176068f-62ee-4b2f-aacd-1131201c6db1,242,The Speaker,,,Business of Supply,,"It is my duty to inform the House that a total of one day will be allotted for the supply period ending December 10, 2015.",Liberal,Halifax West,Geoff Regan,http://www.parl.gc.ca/parlinfo/Files/Parliamentarian.aspx?Item=3176068f-62ee-4b2f-aacd-1131201c6db1&Language=E&Section=ALL
4646883,ca.proc.d.2015-12-04.17035.16,2015-12-04,3176068f-62ee-4b2f-aacd-1131201c6db1,242,The Speaker,,,Committee of the Whole,Appointment of Chair,"Following my election as Speaker, I have consulted with the leaders of the recognized parties regarding the nomination of the other chair occupants. I am now prepared to propose, for the ratification of the House, a candidate for the position of Deputy Speaker and Chair of Committees of the Whole.
Pursuant to Standing Order 7, I propose Mr. Stanton for the position of Deputy Speaker and Chair of Committees of the Whole.
The motion is deemed moved and seconded.
Is it the pleasure of the House to adopt the motion?",Liberal,Halifax West,Geoff Regan,http://www.parl.gc.ca/parlinfo/Files/Parliamentarian.aspx?Item=3176068f-62ee-4b2f-aacd-1131201c6db1&Language=E&Section=ALL
4646884,ca.proc.d.2015-12-04.17035.17,2015-12-04,,,,intervention,,Committee of the Whole,Appointment of Chair, Agreed.,,,Some hon. members,
4646885,ca.proc.d.2015-12-04.17035.18,2015-12-04,3176068f-62ee-4b2f-aacd-1131201c6db1,242,The Speaker,,,Committee of the Whole,Appointment of Chair,(Motion agreed to),Liberal,Halifax West,Geoff Regan,http://www.parl.gc.ca/parlinfo/Files/Parliamentarian.aspx?Item=3176068f-62ee-4b2f-aacd-1131201c6db1&Language=E&Section=ALL
4646886,ca.proc.d.2015-12-04.17035.19,2015-12-04,44647433-13cb-467e-8632-d49b131d5bb6,166,"Hon. Dominic LeBlanc (Leader of the Government in the House of Commons, Lib.)",,,Committees of the House,Procedure and House Affairs,"Mr. Speaker, I move:
 That the Standing Committee on Procedure and House Affairs be appointed to prepare and report lists of members to compose the standing and standing joint committees of this House, and that the committee be composed of: Larry Bagnell, Arnold Chan, David Graham, Ginette Petitpas Taylor, Ruby Sahota, Anita Vandenbeld, Scott Reid, Randy Hoback, Blake Richards, and David Christopherson. 
",Liberal,Beauséjour,Dominic LeBlanc,http://www.parl.gc.ca/parlinfo/Files/Parliamentarian.aspx?Item=44647433-13cb-467e-8632-d49b131d5bb6&Language=E&Section=ALL
4646887,ca.proc.d.2015-12-04.17035.20,2015-12-04,3176068f-62ee-4b2f-aacd-1131201c6db1,242,The Speaker,,,Committees of the House,Procedure and House Affairs,Is it the pleasure of the House to adopt the motion?,Liberal,Halifax West,Geoff Regan,http://www.parl.gc.ca/parlinfo/Files/Parliamentarian.aspx?Item=3176068f-62ee-4b2f-aacd-1131201c6db1&Language=E&Section=ALL
4646888,ca.proc.d.2015-12-04.17035.21,2015-12-04,,,,intervention,,Committees of the House,Procedure and House Affairs, Agreed.,,,Some hon. members,
4646889,ca.proc.d.2015-12-04.17035.22,2015-12-04,3176068f-62ee-4b2f-aacd-1131201c6db1,242,The Speaker,,,Committees of the House,Procedure and House Affairs,(Motion agreed to),Liberal,Halifax West,Geoff Regan,http://www.parl.gc.ca/parlinfo/Files/Parliamentarian.aspx?Item=3176068f-62ee-4b2f-aacd-1131201c6db1&Language=E&Section=ALL
4646890,ca.proc.d.2015-12-04.17035.23,2015-12-04,,,,stagedirection,,Speech from the Throne,Address in Reply,The House proceeded to the consideration of the speech delivered by His Excellency the Governor General at the opening of the session. ,,,,
4646891,ca.proc.d.2015-12-04.17035.24,2015-12-04,17da20d7-35e1-4618-8c84-00a00dd88d4f,10021,"Mr. Rémi Massé (Avignon—La Mitis—Matane—Matapédia, Lib.)",,,Speech from the Throne,Address in Reply,"Mr. Speaker, I am especially proud to be here in the House today. I would like to thank the people of Avignon—La Mitis—Matane—Matapédia for placing their trust in me and electing me to be their MP. I am very grateful to them and I will work hard to represent all of my constituents during my term in office.
 We promised to bring about real change, and that is exactly what the government is going to do by doing things differently. Canadians want a government that keeps its promises and focuses on the things that matter most to them, things like growing the economy, creating jobs, strengthening the middle class and helping those working hard to join it. Today's throne speech confirmed that we will do just that.
In practical terms, our government will cut taxes for the middle class. It will introduce the Canada child benefit, which will give families more than what they are currently receiving and which will also be tax-free. It will be money that stays in families' pockets.
We will be able to keep these promises because we are asking the richest Canadians to do a little more to help balance the wealth in Canada.
 After a lifetime of hard work, the people of Avignon—La Mitis—Matane—Matapédia and all Canadians deserve a secure and dignified retirement. We will help them reach that goal through a strong and stable retirement income plan. We will work with the provinces and territories, workers, employers, and retiree organizations to enhance the Canada pension plan.
We will also restore the eligibility age for old age security and the guaranteed income supplement to 65. We will increase the guaranteed income supplement for single, low-income seniors. That will put more money in their pockets. What is more, we are committed to establishing the seniors price index in order to measure the cost of living for seniors. We also plan to keep pension income splitting for seniors.
With regard to youth, we plan to get young people involved in government. We will create a Prime Minister’s youth advisory council to provide non-partisan advice to the Prime Minister on issues facing the country. This council will be made up of young Canadians aged 16 to 24 from across the country.
I have already received a letter from Samuel Perreault, a 16-year-old from Mont-Joli who wants to be part of the council. Samuel, Jonathan, Simon, Gabriel, and Christina, along with other engaged and dynamic youth, worked tirelessly to help us throughout the election campaign. These young men and women are the leaders of tomorrow, and I know that with them, my children—our children—are in good hands. 
 We will also strengthen the employment insurance system to make it more flexible, to provide Canadians with benefits when they really need them, to help people develop the skills they need for their next job, and to ensure that employment insurance reflects our labour market.
We will lower employment insurance premiums to reduce payroll costs for employers and employees. We will reduce the waiting period for employment insurance benefits from two weeks to one. 
We will implement higher service standards, including reduced wait times.
As stated in the Speech from the Throne, our government will introduce measures to address infrastructure.
The timing has never been more critical: interest rates for new investments are at historic lows; our current infrastructure is aging; and Canada is in immediate need of a boost in economic growth.
Each year over the next decade we will steadily increase federal infrastructure investment. We will almost double federal infrastructure investment to nearly $125 billion over 10 years. This will be the largest new investment in infrastructure in Canadian history.
Our government will quadruple federal investment in public transit over a period of 10 years. Our funding will respond to what the municipalities need, to ensure that the maximum number of public transit projects are completed in Canada.
Part of the Liberal government's commitment to making an historic investment in social infrastructure is to make affordable housing and seniors' residences a priority. We will also be investing in recreational and cultural infrastructure.
Our plan will spur the construction of more housing and the renovation of existing housing. It will renew existing co-op agreements and provide operational support to municipalities.
We will invest in green infrastructure for projects involving water systems and waste water facilities. We will invest in climate resilient infrastructure, clean energy, and the remediation of contaminated lands for new construction.
We will also be investing in an innovation program. We will provide direct support to incubators and accelerators and research facilities, in addition to providing financing and other support for small companies wanting to grow and export. This funding will also help modernize and strengthen the technology transfer and commercialization functions at universities and colleges.
We will invest more annually to create sector-specific strategies that support innovation and clean technologies in the forestry, fisheries, mining, energy, and agricultural sectors. These strategies will be developed in collaboration with the private sector, government, and research institutions with the objective of producing real innovation that can be deployed in our natural resources sectors, and be commercialized, brought to scale, and exported.
We will invest in clean technology producers so they can tackle Canada's most pressing environmental challenges, whether with respect to our air, our water, or our land. This means we will invest more per year in organizations that have been successful at supporting the emergence of clean technology firms, including Sustainable Development Technology Canada. We will also work in partnership with the private sector to enhance the availability of venture capital for new clean technology.
As stated in the Speech from the Throne, our government will ensure that first nations have access to education and economic opportunities in a way that recognizes and honours aboriginal and treaty rights. We will also close the gap in funding for first nations education. 
For instance, we will invest new funding each year in core funding for kindergarten through grade 12 programs. This will include money committed by the previous government that has yet to flow, plus additional incremental funding. Over the next four years this will represent a $2.6 billion new investment in helping first nation students learn and succeed.
We will also invest more money in first nations school infrastructure. We will inject more money in the post-secondary student support program. We will provide new money to aboriginal communities to help them promote and preserve their language and culture.
It is time for Canada to have a renewed nation-to-nation relationship with indigenous peoples, based on recognition, rights, respect, co-operation, and partnership. This is both the right thing to do and a sure path to economic growth.
I never imagined that I would get into politics. That was never one of my goals. I am here today because my riding, Avignon—La Mitis—Matane—Matapédia, which is in the Gaspé, is facing an extremely difficult economic situation. My region is among the 10 poorest ridings in Canada. My region includes seven of the 10 most disadvantaged cities and towns in Quebec. Our unemployment rate is nearly 17%, and the further east you go, the higher the rate is. 
In my riding, we have two great Mi'kmaq communities, Listuguj and Gesgapegiag. I thank them for their support, and I say to them wela'lin, which means thank you.
However, in these communities, the unemployment rate has reached almost 40%.
Families are leaving our region because they are having a hard time finding work. They are leaving our beautiful region and moving to large urban centres like Quebec City and Montreal, where they have a better chance of finding a job. Our industries have slowed to a crawl. Our businesses are shutting down on a regular basis and have been doing so for too long now. Family businesses that had operated for 40 years have shut down. We had a fantastic, established bicycle company located downtown, but it no longer exists. 
I got involved in politics to help my region. I worked for the Government of Canada for 17 years, in departments like Justice Canada, Agriculture and Agri-Food Canada and Health Canada here in the national capital region, as well as Public Works and Government Services Canada in Matane, where I later ran the CEGEP. 
My wife and I have four young boys. I can assure the House that I was not seeking a new challenge or looking for a new job. I truly loved my job, my staff and my students. With my wife Hélène's support, I decided to get involved in politics in order to put my experience and knowledge to work for all our citizens. My riding, the Gaspé and many other regions across Canada like ours need tools and a strong helping hand.
We need to create an environment that will foster the economic development of our region. We need sustainable jobs. We need investments in infrastructure in order to ensure, for example, that the port of Matane is viable in the long term so that we can continue to reap all the benefits of our marine assets; to support the Carleton-sur-Mer wharf overhaul project so that boaters, tourists, and fishers have access to quality infrastructure; and to extend the runway at Mont-Joli airport and decontaminate the land so that it becomes a true regional airport that will support development in the north.
Since 2006, the number of federal jobs in my riding has dropped by nearly 28%. The two ridings that make up the Gaspé and the Îles-de-la-Madeleine have lost more than 100 jobs, which is equivalent to 1,000 jobs in major centres. Jobs have been lost in New Richmond, Gaspé, Pointe-à-la-Croix, Rivière-au-Renard and Mont-Joli. Here is one example of the impact of these cuts. A resident of Mont-Joli had to drive eight hours to Quebec City this week to ensure that her son's passport was renewed in time to travel in mid-December. This woman had initially submitted the forms by mail.
 They were unfortunately returned because information was missing. She had no choice but to miss a day of work and drive to Quebec City, in December, so that she could get her application fast-tracked at the Passport Canada office. 
This is just one example of how important it is to keep Government of Canada services in the regions. These jobs are important to us. These public servants contribute to our region's economic, social and cultural development. These women and men help employment insurance claimants get their benefits. Workers in the regions digitize documents. These men and women help preserve Canadian archives and make them available. They process all the payments issued by the Government of Canada. They are conscientious, committed, dedicated workers who provide high-quality services to Canadians. These organizations exist because we believed they had potential in the regions.
I would like to create new opportunities to bring back these jobs. I also hope to support the development of various sectors and contribute to them. The government's directions, as set out in the throne speech, are directly connected to my constituents' needs.
I have faith in our region, our young people, our artists, our creators, and our entrepreneurs. I have worked hard in recent years. I will continue to work hard in my new role, with the same energy and determination.
I am proud to be part of this government, and I have faith in it.
 I move, seconded by the member for Brampton North, that the following address in reply to the Speech from the Throne be presented to His Excellency the Governor General of Canada:
 To His Excellency the Right Honourable David Johnston, Chancellor and Principal Companion of the Order of Canada, Chancellor and Commander of the Order of Military Merit, Chancellor and Commander of the Order of Merit of the Police Forces, Governor General, and Commander-in-Chief of Canada. 
 May it Please Your Excellency: 
 We, Her Majesty's most loyal and dutiful subjects, the House of Commons of Canada, in Parliament assembled, beg leave to offer our humble thanks to Your Excellency for the gracious Speech which Your Excellency has addressed to both Houses of Parliament. 
",Liberal,Avignon--La Mitis--Matane--Matapédia,Rémi Massé,
4646892,ca.proc.d.2015-12-04.17035.25,2015-12-04,26a7c39b-6a77-446a-8986-1d3086f156fe,10099,"Mrs. Shannon Stubbs (Lakeland, CPC)",,,Speech from the Throne,Address in Reply,"Mr. Speaker, I am proud to speak on behalf of the people of Lakeland, the heart of farming, forestry, and oil and gas country. The hard-working men, women, and businesses there make an outsized and outstanding contribution of jobs, innovation, and government revenue to all of Canada. 
However, homegrown businesses and workers in the energy sector are struggling. Low global oil prices, barriers to export markets, and fiscal and regulatory uncertainty are causing massive job losses. I am sure that concerns all of us here because a strong Alberta means a strong Canada.
Lowering taxes helps businesses create jobs and increases government revenue. It means more for Canadians to invest in their futures, their families, their charities, and their communities. Cancelling income splitting, clawing back the tax-free savings account, increasing payroll taxes, and imposing a carbon tax would make things so much worse.
Can the member please explain how hiking taxes and taking more away from Canadians and businesses will protect jobs?",Conservative,Lakeland,Shannon Stubbs,
4646893,ca.proc.d.2015-12-04.17035.26,2015-12-04,17da20d7-35e1-4618-8c84-00a00dd88d4f,10021,Mr. Rémi Massé,Interjection,,Speech from the Throne,Address in Reply,"Mr. Speaker, Canadians made a clear choice in October. They chose a leader with a vision, a solid team, and a clear program that is inspiring.
I have faith in the Department of Finance and in our Minister of Finance, and I have no doubt that they will deliver on their plan to balance the budget on schedule.",Liberal,Avignon--La Mitis--Matane--Matapédia,Rémi Massé,
4646894,ca.proc.d.2015-12-04.17035.27,2015-12-04,f1ca301b-cd67-48b5-9dd4-0f6c2af5454e,9848,"Ms. Karine Trudel (Jonquière, NDP)",,,Speech from the Throne,Address in Reply,"Mr. Speaker, I would like to thank my colleague from Avignon—La Mitis—Matane—Matapédia on his excellent first speech in the House.
Since this is the first time that I have risen in the House, I would like to take this opportunity to thank the people of Jonquière for putting their trust in me. I will work hard and do the best that I can to represent them during this session. 
I would also like to congratulate you, Mr. Speaker, on your re-election as an MP and your election as Speaker. Thank you.
With regard to my colleague's comments, the minister responsible for Canada Post said today that his government would not completely restore home mail delivery. However, the Liberals promised that they would do so. Home mail delivery is an important issue for the people of Jonquière and all Canadians.
Would my colleague opposite not agree that door-to-door mail delivery is essential to the vitality of our communities and that it must be restored?",New Democratic Party,Jonquière,Karine Trudel,
4646895,ca.proc.d.2015-12-04.17035.28,2015-12-04,17da20d7-35e1-4618-8c84-00a00dd88d4f,10021,Mr. Rémi Massé,Interjection,,Speech from the Throne,Address in Reply,"Mr. Speaker, I will be very clear.
The government promised to impose a moratorium. We were particularly clear when we presented all of the ministers' mandate letters in a very transparent way. Our promises were clear, and the moratorium was one of them.",Liberal,Avignon--La Mitis--Matane--Matapédia,Rémi Massé,
4646896,ca.proc.d.2015-12-04.17035.29,2015-12-04,22a6ff7d-fc39-47b2-8003-a016329ed224,9425,"Mr. Matt DeCourcey (Fredericton, Lib.)",,,Speech from the Throne,Address in Reply,"Mr. Speaker, I would like to once again congratulate you on your well-deserved election. I am sure that our good friend and my mentor Andy Scott is watching us today with pride. 
I would also like to congratulate my friend and dear colleague on his excellent speech. He spoke very eloquently about how we are going to bring about real change for Canadians and about the hard work we have ahead of us in this Parliament.
I must also thank the good people of Fredericton as well as my family for their dear support and the confidence they have placed in me to stand in this place today. People in Fredericton are hopeful once again that the government will look to our region, and in fact to all regions, to invest in people and in communities.
Constituents have told me that they are keen to see the federal government move forward with an ambitious and innovative agenda that in my riding will help spur entrepreneurism and scientific pursuits at our world-class universities and our smart high-tech business hub.
They are ready to prove that, with leadership at the federal level, New Brunswick can be a pioneer with an innovative approach to delivering health care services. 
Those at Canada's largest military training base are eager to see us care for our veterans once again.
These are the priorities in my riding.
Can my hon. colleague tell me what the priorities are in his riding? ",Liberal,Fredericton,Matt DeCourcey,
4646897,ca.proc.d.2015-12-04.17035.30,2015-12-04,17da20d7-35e1-4618-8c84-00a00dd88d4f,10021,Mr. Rémi Massé,Interjection,,Speech from the Throne,Address in Reply,"Mr. Speaker, Canadians want a government that keeps its promises and focuses on what is most important: growing the economy, creating jobs, strengthening the middle class, and helping those working hard to join it. 
I have three priorities in my riding: regional economic renewal, regional economic renewal, and regional economic renewal.",Liberal,Avignon--La Mitis--Matane--Matapédia,Rémi Massé,
4646898,ca.proc.d.2015-12-04.17035.31,2015-12-04,9fe7bceb-dae2-4f26-b87b-2de1f38b4b84,8577,"Mr. Pierre Paul-Hus (Charlesbourg—Haute-Saint-Charles, CPC)",,,Speech from the Throne,Address in Reply,"Mr. Speaker, hon. members, the government failed to consult Canadians, adopt a motion in the House, or show any accountability before it decided to withdraw our CF-18s from Iraq and Syria.
I spent 22 years in the Canadian Armed Forces. Retreating shows a lack of leadership. Retreating means conceding defeat without a fight.
Canada must join the international coalition being formed to take down ISIS. Our country cannot shirk its responsibilities by simply providing training.
The Prime Minister cannot limit Canada's commitment in the fight against ISIS in Iraq to training: this is an armed conflict against ISIS. The Liberal approach is to keep a low profile, but this is an armed conflict to destroy ISIS that we are talking about here.
Will the government reverse its decision and keep our CF-18s in Iraq and Syria, and, if it cannot show leadership, will it at least hold a debate in the House and allow all hon. members to vote on this?",Conservative,Charlesbourg--Haute-Saint-Charles,Pierre Paul-Hus,
4646899,ca.proc.d.2015-12-04.17035.32,2015-12-04,17da20d7-35e1-4618-8c84-00a00dd88d4f,10021,Mr. Rémi Massé,Interjection,,Speech from the Throne,Address in Reply,"Mr. Speaker, I will repeat exactly what I said earlier. Canadians made a clear choice in October. They chose a leader with a vision. That is going to make the difference in Canada. All members of the House will work together to deliver and implement our plan.",Liberal,Avignon--La Mitis--Matane--Matapédia,Rémi Massé,
4646900,ca.proc.d.2015-12-04.17035.33,2015-12-04,d8c0f53f-e93f-422e-866c-48645e49671b,10044,"Ms. Ruby Sahota (Brampton North, Lib.)",,,Speech from the Throne,Address in Reply,"Mr. Speaker, I want to first thank the Governor General for presenting the government's agenda to Parliament and to the people of Canada. 
I am extremely honoured to second the motion of my esteemed colleague, Mr. Rémi Massé, regarding the address in reply to the Speech from the Throne—",Liberal,Brampton North,Ruby Sahota,
4646901,ca.proc.d.2015-12-04.17035.34,2015-12-04,3176068f-62ee-4b2f-aacd-1131201c6db1,242,The Speaker,,,Speech from the Throne,Address in Reply,"Order. The member is a new member, but it will be important for her and all members to learn that we address members by the names of their ridings and not by their personal names.",Liberal,Halifax West,Geoff Regan,http://www.parl.gc.ca/parlinfo/Files/Parliamentarian.aspx?Item=3176068f-62ee-4b2f-aacd-1131201c6db1&Language=E&Section=ALL
4646902,ca.proc.d.2015-12-04.17035.35,2015-12-04,d8c0f53f-e93f-422e-866c-48645e49671b,10044,Ms. Ruby Sahota,Interjection,,Speech from the Throne,Address in Reply,"Mr. Speaker, sorry, it is from the member for Avignon—La Mitis—Matane—Matapédia, my colleague. 
Mr. Speaker, in addition, I would like to thank the right hon. Prime Minister for giving me the opportunity to do so. 
I want to also take this chance to congratulate each elected member of the House and recognize that we could not be here without the support of some very important people in our lives. I would like to thank my parents; my husband, Tejinder Sahota; and our son, Nihal, for their encouragement and support. 
It is a great honour and a privilege to serve my constituents of Brampton North here in the 42nd Parliament. I want to thank them for putting their trust in me. In return, I am committed to serving them with the utmost integrity, humility, and hard work. 
I was raised in the city of Brampton. I attended its schools, played in its parks, and made my closest friends there. It is where my family has chosen to make our home. I know first-hand how vibrant and full of promise the city is. I believe it reflects the true potential of Canada from coast to coast to coast. Brampton embodies the diversity of Canada with its growing population of 600,000, making it Canada's ninth largest city. It is home to Canadians from various backgrounds, with 50% of its population having been born outside of Canada. More than 65% of Brampton's population are from visible minorities, speaking upwards of 80 different languages, including Punjabi, Portuguese, Urdu, Spanish, Gujarati, Hindi, and so on. Over the last 30 years, I have seen this community time and time again come together and strengthen its diversity in unity. 
His Excellency spoke about how the Canada we know and hold dear today is an accumulation of the diversity and experiences of its people and the way they treat each other. That is why our government is steadfast in its commitment to welcoming and integrating 25,000 new Canadians from Syria. These refugees have faced extreme hardship and tragedy. We will ensure that, like all Canadians, they have a fair and real chance to succeed. It is the Canadian thing to do. 
Similarly, our first nations and indigenous people right here at home have also faced extreme hardship and injustice. The disappearance and death of nearly 1,200 indigenous women and girls is an ongoing national tragedy and must come to an end. Therefore, we will immediately launch a national public inquiry into the missing and murdered indigenous women and girls in Canada. 
During this last election, Canadians resoundingly refused to play into the politics of fear. I have received numerous emails and phone calls from my constituents expressing their support for our government's international actions. We will continue to reinforce and strengthen our relations with our allies and work with them to fight against terrorism.
Our government will renew our commitment to UN peacekeeping operations and strengthen our reputation for environmental stewardship. Canada will lead by example, once again, and in order to lead, Canada must invest in its future by investing in infrastructure. 
Our government's historical infrastructure commitment is critical to the prosperity of cities across Canada, like my own. The transit infrastructure spending will not only help alleviate traffic congestion in my community, but it will also allow people to spend more time with their loved ones and bring jobs closer to home.
The development of social infrastructure is the foundation of a strong society. One of our core Canadian values is to take care of those who are vulnerable. In Brampton, the wait time for affordable housing is a shocking 10 years. This is unacceptable, and our government is invested in taking a leadership role to help build more housing units, refurbish existing ones, renew existing co-ops, and provide greater funding to support municipalities. This approach will assist those who need it the most, especially struggling, low-income families, single-parent families, and vulnerable seniors. 
To offer greater flexibility in child care needs, we will create the Canada child benefit to put more money back in the pockets of middle-class and low-income families. This will lift 315,000 Canadian children out of poverty. Together with social infrastructure, this will act as a vehicle in uplifting the status of women, along with giving children a head start in life and offering families the flexibility that is needed in the 21st century. 
Universal health care is a hallmark of our nation, and we cannot fall behind in building upon it to meet the growing demands of Canadians. While remaining at the forefronts of innovation and research, the government will work with the provinces and territories on a new health accord.
Just as important as investing in transit and social infrastructure, Canada must plan for the future and invest in green technologies. Canadians share a deep love for the outdoors and a sense of responsibility to protect our environment for future generations. Therefore, we will be working with the provinces to take action on climate change, invest in clean technologies, and create clean jobs.
Our government firmly believes that a clean environment and a strong economy can and do go hand in hand. The middle class is the heart of the Canadian economy. The best way to grow our economy is by strengthening the middle class and helping those working hard to join it. The end goal is to ensure that Canadians can manage the cost of living. After knocking on countless doors and listening to Canadians, I know this is their number one priority, and it will be the number one priority of this government.
The middle class has not seen a decent pay raise in 30 years and is struggling to make ends meet. In the face of rising costs, this is why our first act of business will be to introduce and pass legislation to implement a tax cut for the middle class.
As previously mentioned, we will also create the Canada child benefit to ensure that it helps those who need it the most. It is only when the middle class thrives that all Canadians thrive.
The Governor General mentioned that Canadians gave us a clear mandate to govern, but we cannot achieve this mandate without support. We are committed to working across the aisle and partnering with our provincial and local counterparts to achieve the best for Canadians.
In Ontario, our mayors, our city and regional councillors, and our MPPs have welcomed me and my colleagues with open arms. I look forward to co-operating on numerous matters, including enhancing the Canadian pension plan, to provide more income security for Canadians when they retire, so they can do so with dignity as they are the ones who have worked so hard to build this nation.
We will also work with the provinces and territories to make post-secondary education more affordable, so that it is still possible in a country like ours for people of all socio-economic backgrounds to achieve the Canadian dream to send their sons and daughters to world-renowned schools without taking out a second mortgage, and so that our youth are not discouraged from pursuing higher education and attaining the skills they need to compete in this global economy.
His Excellency raised the importance of restoring trust in our political institutions and ensuring that Canadians are given a stronger voice in Parliament. This government is determined to do just that. The year 2015 marks not only the year we have brought in a gender-balanced cabinet, but it will also be the last federal election under the first past the post voting system.
In addition to reforming how members are elected, we will reform the Senate to ensure its appointments are merit based and non-partisan, strengthening its independent role as a chamber.
Canadians are already beginning to see a more open and transparent government, and we will continue this new tone by promoting more open debate and free votes in the House, strengthening our communities and welcoming the opinions of everyday Canadians.
Canada is geographically large but united in its common goal of peace, order and good governance.
I believe that under this new government and the leadership of our right hon. Prime Minister we will bring forth an era of positive change and prosperity, put divisive tactics aside, and no longer hold on to the politics of fear. 
We must not forget that diversity is our country's best asset and not our weakness. That is why I am proud to stand with a government that is making it easier for immigrants to build a successful life in Canada, reunite with their families, embrace economic opportunities and contribute to Canada's prosperity. Many of us, including me, are here today because at some point our families were welcomed as immigrants with open arms. This gave them, and all of us here today, the opportunity to be nation builders.
 I encourage all hon. members of the House to support today's motion. I stand here today, a woman, a mother, a wife, and the proud daughter of immigrant parents. For me, it is both an honour and a pleasure to support the motion on the address in reply to the Speech from the Throne.",Liberal,Brampton North,Ruby Sahota,
4646903,ca.proc.d.2015-12-04.17035.36,2015-12-04,3ee3ccd6-802d-454e-9dcf-61a7a017bdf7,9313,"Ms. Dianne Watts (South Surrey—White Rock, CPC)",,,Speech from the Throne,Address in Reply,"Mr. Speaker, it is an honour to be representing my riding and the constituents of South Surrey—White Rock.
I was surprised that what was missing in the Speech from the Throne was a clear outline on how much the government was planning to borrow and what it was planning to spend it on. During the election, the Liberals promised that there would be a deficit of no more than $10 billion per year for the next three years. However, this week's report from the Parliamentary Budget Officer already predicts that the government will run deficits of $12 billion over and above the promised $10 billion yearly deficit. Canadians need to have an open and transparent account of exactly what the government will spend.
 In the spirit of openness and transparency, will the hon. member please outline the government's plan so Canadians will know exactly how much they will be paying in extra and additional taxes?",Conservative,South Surrey--White Rock,Dianne Lynn Watts,
4646904,ca.proc.d.2015-12-04.17035.37,2015-12-04,d8c0f53f-e93f-422e-866c-48645e49671b,10044,Ms. Ruby Sahota,Interjection,,Speech from the Throne,Address in Reply,"Mr. Speaker, I would like to congratulate my colleague on her election.
Our government was given a clear mandate to invest in our country, and that we plan to do. We will be decreasing taxes for the middle class, and we will also be open and transparent with our spending. In the weeks to come we will see the budget unfold and members will have answers to some of those questions, but taxes will be decreased.",Liberal,Brampton North,Ruby Sahota,
4646905,ca.proc.d.2015-12-04.17035.38,2015-12-04,c5b09363-414d-43b2-bc2c-274b997c8989,9899,"Ms. Jenny Kwan (Vancouver East, NDP)",,,Speech from the Throne,Address in Reply,"Mr. Speaker, as this is my first opportunity to rise in this House, let me congratulate you for being re-elected to this chamber and for your successful election yesterday as our Speaker.
I would also like to congratulate the member for Brampton North for her election and her excellent first speech. I am looking forward to working with her and, indeed, all members of the House to make Canada a better place for all Canadians and future generations.
Of course, I would be remiss if I did not recognize the great people of Vancouver East for electing me and sending me here to Ottawa to bring a strong east Vancouver voice to the House of Commons. I intend to speak more about my beautiful riding and the priorities of the people from my community in the days to come as I make my maiden speech in the House of Commons.
I would like to ask my colleague from Brampton North a question about what the government said in the throne speech about the commitment to combat climate change. The Speech from the Throne suggested that the government would introduce a new environmental assessment process. This is certainly very encouraging to hear. 
The environmental assessment process must go along with achievable reduction targets, so I would first like to ask if the government will actually set ambitious, accountable emission reduction targets, with annual progress reports for meeting the targets that are already enshrined in law.
Second, will the government's new environmental assessment process include climate impact assessments, so that new projects will not be derailed?
Third, would the new environmental assessment process apply to current—",New Democratic Party,Vancouver East,Jenny Kwan,
4646906,ca.proc.d.2015-12-04.17035.39,2015-12-04,3176068f-62ee-4b2f-aacd-1131201c6db1,242,The Speaker,,,Speech from the Throne,Address in Reply,"Order, please.
The hon. member for Brampton North.",Liberal,Halifax West,Geoff Regan,http://www.parl.gc.ca/parlinfo/Files/Parliamentarian.aspx?Item=3176068f-62ee-4b2f-aacd-1131201c6db1&Language=E&Section=ALL
4646907,ca.proc.d.2015-12-04.17035.40,2015-12-04,d8c0f53f-e93f-422e-866c-48645e49671b,10044,Ms. Ruby Sahota,Interjection,,Speech from the Throne,Address in Reply,"Mr. Speaker, I would like to thank my colleague from Vancouver East for her wonderful question. 
I also congratulate you on your election, as well—",Liberal,Brampton North,Ruby Sahota,
4646908,ca.proc.d.2015-12-04.17035.41,2015-12-04,3176068f-62ee-4b2f-aacd-1131201c6db1,242,The Speaker,,,Speech from the Throne,Address in Reply,"Order, please. I remind members to address the Chair.",Liberal,Halifax West,Geoff Regan,http://www.parl.gc.ca/parlinfo/Files/Parliamentarian.aspx?Item=3176068f-62ee-4b2f-aacd-1131201c6db1&Language=E&Section=ALL
4646909,ca.proc.d.2015-12-04.17035.42,2015-12-04,d8c0f53f-e93f-422e-866c-48645e49671b,10044,Ms. Ruby Sahota,Interjection,,Speech from the Throne,Address in Reply,"Mr. Speaker, our mandate on the environment has been made quite clear in our ministerial mandate letters, which have been posted online for the very first time in government history. This is a great step forward toward open and transparent government.
We are also committed to working with our provinces to make sure that we are in line with the provinces' needs and what they are required to do regarding environmental change.",Liberal,Brampton North,Ruby Sahota,
4646910,ca.proc.d.2015-12-04.17035.43,2015-12-04,775ebcdb-4561-4bd0-8c84-d14531f2c726,10301,"Mr. John Nater (Perth—Wellington, CPC)",,,Speech from the Throne,Address in Reply,"Mr. Speaker, I am proud to represent the people of Perth—Wellington in the House.
In my riding, as in other parts of southern Ontario, jobs are always the number one concern. The new Liberal government is now proposing to hike taxes for job creators and is waffling on international trade agreements. 
As we all know, Canada is a trading nation that relies on opening up markets.
Can the member reassure Canadians and tell the House today that her party will support the trans-Pacific partnership and set aside its plan to increase taxes on jobs?",Conservative,Perth--Wellington,John Nater,
4646911,ca.proc.d.2015-12-04.17035.44,2015-12-04,d8c0f53f-e93f-422e-866c-48645e49671b,10044,Ms. Ruby Sahota,Interjection,,Speech from the Throne,Address in Reply,"Mr. Speaker, I would like to thank my hon. colleague from Perth—Wellington for his question and to congratulate him on his election as well.
Our government is committed to co-operating with members across the aisle on international agreements and making sure that trade is a priority for our country in order to grow our economy. However, we must always balance the interests of Canadians with those agreements. Our government is committed to making sure that we achieve the correct balance when doing so.",Liberal,Brampton North,Ruby Sahota,
4646912,ca.proc.d.2015-12-04.17035.45,2015-12-04,330c0119-cf49-4e85-9407-539367825c2b,10281,"Mr. Chris Bittle (St. Catharines, Lib.)",,,Speech from the Throne,Address in Reply,"Mr. Speaker, I am honoured and humbled to be here and for my first opportunity to rise in the House.
 I would like to take this opportunity to thank the people of St. Catharines, Ontario for their trust, and the members of my family for their support throughout this lengthy election and transition time.
I have an important question for my honourable friend. Though the people of St. Catharines, Ontario are hopeful, almost 23% of children in St. Catharines are living in poverty. That is nearly one in four people who are struggling on a daily basis, like so many others across Canada.
Could my honourable friend please inform the House how our government will tackle the issue of child poverty in Canada, and St. Catharines?",Liberal,St. Catharines,Chris Bittle,
4646913,ca.proc.d.2015-12-04.17035.46,2015-12-04,d8c0f53f-e93f-422e-866c-48645e49671b,10044,Ms. Ruby Sahota,Interjection,,Speech from the Throne,Address in Reply,"Mr. Speaker, I would like to congratulate my colleague from St. Catharines on his election also.
Our government will be creating the Canada child benefit plan, so that nine out of ten families will receive the assistance they deserve and 315,000 children will be lifted out of poverty.",Liberal,Brampton North,Ruby Sahota,
4646914,ca.proc.d.2015-12-04.17035.47,2015-12-04,cf6f39df-d304-45e1-a559-70a0cf20a720,6,"Hon. Rona Ambrose (Leader of the Opposition, CPC)",,,Speech from the Throne,Address in Reply,"Mr. Speaker, I would like to thank the members who moved and seconded the motion for their speeches. When the debate on the address in reply to the Speech from the Throne resumes, I will continue my speech and give the other version of the story.
I now have a spoiler alert. When we return next week, I will be give my response to the Speech from the Throne. It may not be quite as sunny as what we have heard on the other side. However, I look forward to that. 
To that end, and to what everyone has been waiting for, I move:
 That the debate be now adjourned. 
",Conservative,Sturgeon River--Parkland,Rona Ambrose,http://www.parl.gc.ca/parlinfo/Files/Parliamentarian.aspx?Item=cf6f39df-d304-45e1-a559-70a0cf20a720&Language=E&Section=ALL
4646915,ca.proc.d.2015-12-04.17035.48,2015-12-04,3176068f-62ee-4b2f-aacd-1131201c6db1,242,The Speaker,,,Speech from the Throne,Address in Reply,Is it the pleasure of the House to adopt the motion?,Liberal,Halifax West,Geoff Regan,http://www.parl.gc.ca/parlinfo/Files/Parliamentarian.aspx?Item=3176068f-62ee-4b2f-aacd-1131201c6db1&Language=E&Section=ALL
4646916,ca.proc.d.2015-12-04.17035.49,2015-12-04,,,,intervention,,Speech from the Throne,Address in Reply, Agreed.,,,Some hon. members,
4646917,ca.proc.d.2015-12-04.17035.50,2015-12-04,3176068f-62ee-4b2f-aacd-1131201c6db1,242,The Speaker,,,Speech from the Throne,Address in Reply,(Motion agreed to),Liberal,Halifax West,Geoff Regan,http://www.parl.gc.ca/parlinfo/Files/Parliamentarian.aspx?Item=3176068f-62ee-4b2f-aacd-1131201c6db1&Language=E&Section=ALL
4646918,ca.proc.d.2015-12-04.17035.51,2015-12-04,44647433-13cb-467e-8632-d49b131d5bb6,166,"Hon. Dominic LeBlanc (Leader of the Government in the House of Commons, Lib.)",,,Business of the House,,"Mr. Speaker, there have been consultations among the parties and I believe if you seek it you will find unanimous consent for the following motion. I move:
 That, notwithstanding any Standing Order or usual practice of the House: 
 Until December 10, 2015, Standing Order 81 be amended as follows: 
 Section (5) be replaced with the following: 
 Supplementary estimates shall be deemed referred to a committee of the whole House immediately after they are presented in the House. A committee of the whole shall consider and shall report, or shall be deemed to have reported, the same back to the House not later than one sitting day before the final sitting or the last allotted day in the current period. 
 On a day appointed by a minister of the crown, consideration of the Supplementary Estimates shall be taken up by a committee of the whole immediately following the consideration of a motion under the provisions of Standing Order 83(3) and (4), for a period of time not exceeding three hours. 
 During the time provided for consideration of the supplementary estimates pursuant to this paragraph, no quorum calls, dilatory motions, or requests for unanimous consent shall be received by the chair; no member shall be recognized for more than fifteen minutes at a time; and the member shall not speak in debate more than ten minutes during that period. 
 The fifteen minutes may be used both for debate and for posing questions to the minister of the crown or a parliamentary secretary acting on behalf of the minister. When the member is recognized, he or she shall indicate how the fifteen minutes is to be apportioned. 
 Furthermore, within each fifteen-minute period, each party may allocate time to one or more of its members for speeches or for questions and answer, provided that, in the case of questions and answers, the minister's answer approximately reflect the time taken by the question, and provided that, in the case of speeches, members of the party to which the period is allocated may speak one after the other. 
 At the conclusion of the time provided for the consideration of the business pursuant to this section, the committee shall rise, the estimates shall be deemed reported and the House shall immediately adjourn to the next sitting day; and 
 That, subject to the provisions of this order, the business of supply shall otherwise be conducted in accordance with Standing Order 81. 
",Liberal,Beauséjour,Dominic LeBlanc,http://www.parl.gc.ca/parlinfo/Files/Parliamentarian.aspx?Item=44647433-13cb-467e-8632-d49b131d5bb6&Language=E&Section=ALL
4646919,ca.proc.d.2015-12-04.17035.52,2015-12-04,3176068f-62ee-4b2f-aacd-1131201c6db1,242,The Speaker,,,Business of the House,,The House has heard the terms of the motion. Is it the pleasure of the House to adopt the motion? ,Liberal,Halifax West,Geoff Regan,http://www.parl.gc.ca/parlinfo/Files/Parliamentarian.aspx?Item=3176068f-62ee-4b2f-aacd-1131201c6db1&Language=E&Section=ALL
4646920,ca.proc.d.2015-12-04.17035.53,2015-12-04,,,,intervention,,Business of the House,, Agreed.,,,Some hon. members,
4646921,ca.proc.d.2015-12-04.17035.54,2015-12-04,3176068f-62ee-4b2f-aacd-1131201c6db1,242,The Speaker,,,Business of the House,,(Motion agreed to),Liberal,Halifax West,Geoff Regan,http://www.parl.gc.ca/parlinfo/Files/Parliamentarian.aspx?Item=3176068f-62ee-4b2f-aacd-1131201c6db1&Language=E&Section=ALL
4646922,ca.proc.d.2015-12-04.17035.55,2015-12-04,44647433-13cb-467e-8632-d49b131d5bb6,166,"Hon. Dominic LeBlanc (Leader of the Government in the House of Commons, Lib.)",,,Business of the House,,"Mr. Speaker, I rise on a point of order just to make a very brief statement. I apologize for the rather lengthy one previously on the House business for the coming week. We did not have the usual Thursday question, so I wanted colleagues to have a very quick overview of our plans for next week. 
Monday, the House will have the first day of debate on the address in reply to the Speech from the Throne.
 Tuesday, will be the second day of debate on the address in reply. 
Wednesday, pursuant to the motion that was just graciously adopted by the House, following the consideration of a ways and means motion, the House will resolve into committee of the whole for the purposes of considering supplementary estimates. 
 Thursday will be the first and last allotted day for the Conservative Party in the fall supply period. 
On Friday, the House will complete the third of six days of debate on the address in reply. The House would then stand adjourned until January 25, 2016.
Mr. Speaker, I move:
 That the House do now adjourn. 
",Liberal,Beauséjour,Dominic LeBlanc,http://www.parl.gc.ca/parlinfo/Files/Parliamentarian.aspx?Item=44647433-13cb-467e-8632-d49b131d5bb6&Language=E&Section=ALL
4646923,ca.proc.d.2015-12-04.17035.56,2015-12-04,3176068f-62ee-4b2f-aacd-1131201c6db1,242,The Speaker,,,Business of the House,,Is it the pleasure of the House to adopt the motion?,Liberal,Halifax West,Geoff Regan,http://www.parl.gc.ca/parlinfo/Files/Parliamentarian.aspx?Item=3176068f-62ee-4b2f-aacd-1131201c6db1&Language=E&Section=ALL
4646924,ca.proc.d.2015-12-04.17035.57,2015-12-04,,,,intervention,,Business of the House,, Agreed.,,,Some hon. members,
4646925,ca.proc.d.2015-12-04.17035.58,2015-12-04,3176068f-62ee-4b2f-aacd-1131201c6db1,242,The Speaker,,,Business of the House,,(Motion agreed to),Liberal,Halifax West,Geoff Regan,http://www.parl.gc.ca/parlinfo/Files/Parliamentarian.aspx?Item=3176068f-62ee-4b2f-aacd-1131201c6db1&Language=E&Section=ALL
4646926,ca.proc.d.2015-12-04.17035.59,2015-12-04,3176068f-62ee-4b2f-aacd-1131201c6db1,242,The Speaker,,,Business of the House,,"I want to inform hon. members that we are all invited to a reception in the Hall of Honour on the occasion of the Speech from the Throne.
The House stands adjourned until next Monday at 11 a.m. pursuant to Standing Order 24(1).
(The House adjourned at 5:05 p.m.)",Liberal,Halifax West,Geoff Regan,http://www.parl.gc.ca/parlinfo/Files/Parliamentarian.aspx?Item=3176068f-62ee-4b2f-aacd-1131201c6db1&Language=E&Section=ALL
